param_model__max_depth,param_model__min_samples_leaf,mean_test_score,std_test_score
3,1,0.8028139843128654,0.01413252119124959
3,20,0.8028139843128654,0.01413252119124959
3,50,0.8028139843128654,0.01413252119124959
4,1,0.822084596361654,0.012071942354691384
4,20,0.8218313147249814,0.012023641470757409
4,50,0.8217323707093597,0.01229430766407246
5,1,0.8297946791036237,0.009320860395073224
5,20,0.8282612725112777,0.009782704851307805
5,50,0.8293027317828281,0.010474817689748579
6,1,0.8238116016854848,0.007008421190613209
6,20,0.8252104174558303,0.007913244009516368
6,50,0.8302099572670085,0.011044405603159741
8,1,0.7905165086658996,0.013923840859977568
8,20,0.8110864708374212,0.010411832332250353
8,50,0.8267709997073196,0.010739961548149107
10,1,0.7443946051451944,0.009305357678782811
10,20,0.8055862654179616,0.009044047881579077
10,50,0.8260389839616918,0.010106911591780643
,1,0.6616497054215206,0.012106990629481616
,20,0.805156870955142,0.008673507908467232
,50,0.8260389839616918,0.010106911591780643
