model,,train_size,train_auc,validation_auc,validation_sd
Logistic regression,0,450,0.8964217049178027,0.8349171404188971,0.011169107784065567
Logistic regression,1,1030,0.8714374712185382,0.8459163761205784,0.00896222445938398
Logistic regression,2,1609,0.8696732038673313,0.84583159529266,0.011183515116718664
Logistic regression,3,2189,0.8689563287997382,0.8482701545169686,0.010878898864230959
Logistic regression,4,2768,0.8649923510192146,0.8490274293637509,0.011956931398722954
Logistic regression,5,3348,0.8625916334740934,0.8496833561942949,0.011091664713825547
Logistic regression,6,3927,0.8589211835673378,0.8499896401346858,0.01119831723540564
Logistic regression,7,4507,0.854204465908207,0.8501925774463792,0.011582084321149539
Decision tree (tuned),0,450,0.8449485244945665,0.7844070942263329,0.009695600263896847
Decision tree (tuned),1,1030,0.8527009535554748,0.8070792655562234,0.012327939615829193
Decision tree (tuned),2,1609,0.861328643942182,0.816952173242932,0.00986082422249062
Decision tree (tuned),3,2189,0.8623225701902267,0.817910149417088,0.013928864075006132
Decision tree (tuned),4,2768,0.860344245227815,0.824807031818047,0.015287738383928275
Decision tree (tuned),5,3348,0.8628132691531307,0.8278780810647763,0.012394853992918103
Decision tree (tuned),6,3927,0.8579946769171343,0.829748080467537,0.011787828225347737
Decision tree (tuned),7,4507,0.855272634342402,0.8302099572670085,0.011044405603159741
