feature,coefficient,odds_ratio
Contract_Two year,-1.6282781229327308,0.19626723138611835
InternetService_Fiber optic,1.1116055356847951,3.03923407811311
InternetService_No,-1.0047924663018295,0.3661206092841314
log_tenure,-0.8184634071964972,0.44110893883860136
Contract_One year,-0.7156469028295449,0.48887575437230835
MultipleLines_Yes,0.4255140647980697,1.530376930395012
PaperlessBilling_Yes,0.3878182444653273,1.4737618955624416
StreamingMovies_Yes,0.38471927311094917,1.4692018190875418
StreamingTV_Yes,0.37977267003286425,1.461952206108342
PhoneService_Yes,-0.3725829669884808,0.6889524888733976
PaymentMethod_Electronic check,0.3374535001519301,1.4013744431782018
OnlineSecurity_Yes,-0.32133814930777654,0.7251779910895437
TechSupport_Yes,-0.2589342918698958,0.771873739757551
MonthlyCharges,-0.20818318886862452,0.8120582630510502
Dependents_Yes,-0.2027173132078072,0.8165090251214298
SeniorCitizen_Yes,0.15529689019618106,1.1680046787722613
OnlineBackup_Yes,-0.10935468001621083,0.8964124215359606
DeviceProtection_Yes,0.061087303087978356,1.0629917125953474
Partner_Yes,0.0538712499913529,1.0553487172512046
PaymentMethod_Credit card (automatic),-0.026177613650434764,0.9741620497643113
gender_Male,0.02050872621171242,1.0207204752272974
tenure,0.018795100910345117,1.0189728406184284
PaymentMethod_Mailed check,-0.0075320969340961705,0.9924961982228265
