,dtype,n_unique,sample_values
customerID,str,7043,"7590-VHVEG, 5575-GNVDE, 3668-QPYBK, 7795-CFOCW"
gender,str,2,"Female, Male"
SeniorCitizen,int64,2,"0, 1"
Partner,str,2,"Yes, No"
Dependents,str,2,"No, Yes"
tenure,int64,73,"1, 34, 2, 45"
PhoneService,str,2,"No, Yes"
MultipleLines,str,3,"No phone service, No, Yes"
InternetService,str,3,"DSL, Fiber optic, No"
OnlineSecurity,str,3,"No, Yes, No internet service"
OnlineBackup,str,3,"Yes, No, No internet service"
DeviceProtection,str,3,"No, Yes, No internet service"
TechSupport,str,3,"No, Yes, No internet service"
StreamingTV,str,3,"No, Yes, No internet service"
StreamingMovies,str,3,"No, Yes, No internet service"
Contract,str,3,"Month-to-month, One year, Two year"
PaperlessBilling,str,2,"Yes, No"
PaymentMethod,str,4,"Electronic check, Mailed check, Bank transfer (automatic), Credit card (automatic)"
MonthlyCharges,float64,1585,"29.85, 56.95, 53.85, 42.3"
TotalCharges,str,6531,"29.85, 1889.5, 108.15, 1840.75"
Churn,str,2,"No, Yes"
